discipline,loop,participant,estimated_start,estimated_end,estimated_duration
Swimming,1,Lilli,2026-10-10 13:00,2026-10-10 13:22,22:00
Swimming,2,Benni,2026-10-10 13:22,2026-10-10 13:44,22:00
Swimming,3,Kieeesch,2026-10-10 13:44,2026-10-10 14:06,22:00
Swimming,4,Lilli,2026-10-10 14:06,2026-10-10 14:28,22:00
Swimming,5,Jule,2026-10-10 14:28,2026-10-10 15:00,32:00
Swimming,6,Matze,2026-10-10 15:00,2026-10-10 15:26,26:00
Swimming,7,Benni,2026-10-10 15:26,2026-10-10 15:48,22:00
Swimming,8,Kieeesch,2026-10-10 15:48,2026-10-10 16:10,22:00
Swimming,9,Lilli,2026-10-10 16:10,2026-10-10 16:32,22:00
Swimming,10,Benni,2026-10-10 16:32,2026-10-10 16:54,22:00
Cycling,1,Matze,2026-10-10 17:00,2026-10-10 17:45,45:00
Cycling,2,Kieeesch,2026-10-10 17:45,2026-10-10 18:28,43:00
Cycling,3,Jule,2026-10-10 18:28,2026-10-10 19:18,50:00
Cycling,4,Benni,2026-10-10 19:18,2026-10-10 20:06,48:00
Cycling,5,Kieeesch,2026-10-10 20:06,2026-10-10 20:49,43:00
Cycling,6,Lilli,2026-10-10 20:49,2026-10-10 21:34,45:00
Cycling,7,Jule,2026-10-10 21:34,2026-10-10 22:24,50:00
Cycling,8,Matze,2026-10-10 22:24,2026-10-10 23:09,45:00
Cycling,9,Benni,2026-10-10 23:09,2026-10-10 23:57,48:00
Cycling,10,Lilli,2026-10-10 23:57,2026-10-11 00:42,45:00
Cycling,11,Matze,2026-10-11 00:42,2026-10-11 01:27,45:00
Cycling,12,Kieeesch,2026-10-11 01:27,2026-10-11 02:10,43:00
Cycling,13,Benni,2026-10-11 02:10,2026-10-11 02:58,48:00
Cycling,14,Jule,2026-10-11 02:58,2026-10-11 03:48,50:00
Cycling,15,Matze,2026-10-11 03:48,2026-10-11 04:33,45:00
Running,1,Lilli,2026-10-11 05:00,2026-10-11 05:23,23:00
Running,2,Kieeesch,2026-10-11 05:23,2026-10-11 05:43,20:00
Running,3,Jule,2026-10-11 05:43,2026-10-11 06:08,25:00
Running,4,Lilli,2026-10-11 06:08,2026-10-11 06:31,23:00
Running,5,Kieeesch,2026-10-11 06:31,2026-10-11 06:51,20:00
Running,6,Jule,2026-10-11 06:51,2026-10-11 07:16,25:00
Running,7,Benni,2026-10-11 07:16,2026-10-11 07:32,16:00
Running,8,Lilli,2026-10-11 07:32,2026-10-11 07:55,23:00
Running,9,Kieeesch,2026-10-11 07:55,2026-10-11 08:15,20:00
Running,10,Jule,2026-10-11 08:15,2026-10-11 08:40,25:00
Running,11,Benni,2026-10-11 08:40,2026-10-11 08:56,16:00
Running,12,Matze,2026-10-11 08:56,2026-10-11 09:21,25:00
Running,13,Lilli,2026-10-11 09:21,2026-10-11 09:44,23:00
Running,14,Kieeesch,2026-10-11 09:44,2026-10-11 10:04,20:00
Running,15,Benni,2026-10-11 10:04,2026-10-11 10:20,16:00
Running,16,Matze,2026-10-11 10:20,2026-10-11 10:45,25:00
Running,17,Lilli,2026-10-11 10:45,2026-10-11 11:08,23:00
Running,18,Kieeesch,2026-10-11 11:08,2026-10-11 11:28,20:00
Running,19,Benni,2026-10-11 11:28,2026-10-11 11:44,16:00
Running,20,Jule,2026-10-11 11:44,2026-10-11 12:09,25:00
Running,21,Matze,2026-10-11 12:09,2026-10-11 12:34,25:00
Running,22,TBD,2026-10-11 12:34,2026-10-11 12:55,21:48